No.,Ticker,Market Cap,P/E,Fwd P/E,PEG,P/S,P/B,P/C,P/FCF,EPS this Y,EPS next Y,EPS past 5Y,EPS next 5Y,Sales past 5Y,Price,Change,Volume
1,EGIO,313.14M,-,-,-,0.99,1.10,4.43,-,-169.40%,-6.70%,9.60%,15.00%,5.30%,1.47,4.26%,"709,401"
2,DM,565.75M,-,-,-,2.76,0.71,2.60,-,-327.80%,42.90%,-,46.00%,-,1.82,6.43%,"3,999,443"
3,VLD,364.63M,-,-,-,5.94,3.46,3.23,-,61.20%,23.40%,-,17.00%,-,2.11,3.43%,"1,423,495"
4,MVIS,429.11M,-,-,-,357.59,4.98,5.15,-,-175.80%,-,3.20%,10.00%,-29.90%,2.59,1.97%,"1,902,957"
5,RXT,608.67M,-,31.33,-,0.20,0.73,2.44,3.17,23.30%,-83.27%,-43.20%,10.00%,7.70%,2.82,4.83%,"1,997,531"
6,MTTR,864.39M,-,-,-,7.08,1.47,1.77,-,-692.10%,7.10%,-,26.40%,-,3.11,-2.51%,"2,579,693"
7,RMNI,364.01M,6.48,9.39,0.43,0.91,-,2.81,6.99,337.70%,31.70%,20.50%,15.00%,18.50%,4.29,2.88%,"283,711"
8,CLBT,830.63M,5.03,27.44,1.94,3.14,13.72,8.05,100.08,-75.00%,153.97%,-,2.60%,-,4.39,0.00%,"54,121"
9,IONQ,851.48M,-,-,-,94.61,1.52,2.10,-,-76.80%,-96.30%,-,20.00%,-,4.41,8.89%,"4,047,693"
10,NVTS,667.81M,-,-,-,20.30,1.68,5.35,-,-701.60%,-10.30%,-,20.00%,-,4.58,1.78%,"1,236,593"
11,WIT,26.35B,19.24,15.45,2.14,2.55,3.01,6.27,37.99,16.90%,19.20%,17.90%,9.00%,7.50%,4.79,-1.03%,"1,970,462"
12,CTLP,338.85M,-,40.17,-,1.56,2.32,6.67,-,76.20%,1300.00%,30.40%,25.00%,15.10%,4.82,0.00%,"192,572"
13,NOK,27.90B,15.92,11.18,3.16,1.11,1.36,2.78,37.41,163.90%,4.70%,33.20%,5.03%,-1.20%,5.03,0.20%,"11,611,097"
14,VLN,488.53M,-,-,-,5.82,2.95,3.20,-,-47.60%,21.70%,-,30.00%,-,5.15,1.58%,"490,104"
15,UIS,347.78M,-,63.13,-,0.18,-,0.99,10.26,-33.70%,-86.00%,-47.90%,9.00%,-6.10%,5.24,-0.38%,"380,519"
16,SOL,337.15M,-,15.44,-,5.32,1.02,2.74,-,76.20%,240.00%,83.70%,15.00%,-0.20%,5.25,-2.78%,"396,973"
17,WEAV,348.09M,-,-,-,2.55,4.00,2.94,-,-26.10%,32.10%,-,34.50%,-,5.32,2.11%,"51,323"
18,GPRO,849.75M,12.04,12.55,1.20,0.73,1.44,2.44,6.07,607.60%,3.47%,22.50%,10.00%,-0.40%,5.61,0.54%,"1,168,695"
19,ETWO,1.78B,-,19.48,-,2.96,0.66,18.17,-,-240.20%,18.99%,-,34.01%,-,5.98,0.00%,"1,282,276"
20,RIOT,993.00M,-,-,-,3.43,0.71,2.60,-,71.90%,97.10%,35.80%,20.00%,366.30%,6.02,-2.11%,"28,610,867"
21,ERIC,20.16B,9.48,8.91,1.03,0.84,1.55,4.96,14.50,29.60%,11.50%,92.90%,9.23%,1.10%,6.06,-4.27%,"10,921,289"
22,GILT,343.66M,166.22,32.37,16.62,1.49,1.40,5.02,-,-108.50%,-,12.10%,10.00%,-5.10%,6.15,0.00%,"51,372"
23,LAW,360.45M,-,-,-,2.64,1.55,1.69,-,-2.90%,5.40%,-,28.60%,-,6.22,-2.66%,"252,386"
24,PLTR,14.30B,-,42.70,-,7.81,6.05,5.79,72.43,58.60%,262.22%,-,25.85%,-,6.96,-0.71%,"20,933,458"
25,INFN,1.53B,-,23.69,-,1.03,13.71,7.71,-,25.00%,1057.69%,-37.50%,20.00%,10.40%,7.13,2.00%,"5,454,452"
26,UMC,18.02B,6.82,9.87,0.20,2.05,1.80,3.00,7.59,90.90%,-33.30%,47.80%,34.10%,7.60%,7.50,-0.92%,"6,822,422"
27,EB,795.68M,-,-,-,3.20,4.98,1.18,94.72,41.40%,36.00%,-22.80%,46.40%,7.00%,7.57,0.66%,"1,047,613"
28,PAY,996.16M,324.80,117.68,9.78,2.11,2.53,6.72,249.04,-19.40%,53.33%,-,33.20%,-,8.12,0.37%,"92,373"
29,EVCM,1.65B,-,24.08,-,2.78,1.83,18.05,28.42,-24.10%,0.00%,-,48.31%,-,8.74,1.63%,"147,864"
30,ZETA,1.82B,-,26.96,-,3.30,11.37,15.83,32.16,-673.20%,161.11%,-,33.95%,-,8.87,2.54%,"621,258"
31,RPAY,883.10M,-,9.98,-,3.29,0.88,13.91,12.51,70.30%,9.51%,10.39%,7.44%,-,8.96,-0.44%,"450,606"
32,COMM,1.84B,-,4.18,-,0.20,-,12.65,-,20.20%,30.39%,-33.60%,23.70%,11.80%,9.13,7.67%,"6,337,157"
33,SWI,1.47B,-,9.82,-,2.05,1.14,2.99,10.90,-156.10%,10.07%,28.50%,9.10%,8.90%,9.23,-0.22%,"273,933"
34,SKYT,386.41M,-,-,-,2.07,10.50,41.55,-,-221.90%,61.00%,-,20.00%,-,9.45,6.06%,"100,174"
35,PAGS,2.98B,11.99,1.72,0.76,1.09,1.44,6.43,37.52,-10.40%,13.49%,53.40%,15.77%,55.80%,9.45,-1.36%,"1,967,270"
36,FSLY,1.15B,-,-,-,2.81,1.22,2.17,-,-107.10%,29.20%,-,30.00%,-,9.66,0.42%,"2,235,081"
37,STNE,2.93B,-,3.09,-,1.56,1.28,3.10,31.29,-251.30%,93.99%,-59.80%,28.36%,69.40%,9.68,-3.10%,"3,300,921"
38,PAYA,1.27B,132.88,22.56,10.46,4.59,4.85,8.15,32.93,18.70%,15.59%,-,12.71%,-,9.70,0.10%,"3,051,271"
39,TSAT,478.23M,-,-,-,0.88,0.37,0.39,3.66,-55.00%,-,-,22.00%,-,9.82,-2.58%,"37,889"
40,EGAN,305.58M,-,26.68,-,3.21,5.45,4.27,277.80,-136.20%,94.74%,19.00%,10.00%,9.60%,9.87,0.20%,"17,643"
41,XPER,416.88M,-,248.00,-,0.85,0.56,-,-,-,108.30%,-,15.00%,-,9.92,0.10%,"170,924"
42,MITK,429.10M,67.57,10.64,4.50,3.07,2.52,6.04,25.09,-3.70%,5.60%,25.00%,15.00%,28.10%,10.00,1.11%,"226,263"
43,CLVT,6.68B,-,12.62,-,2.62,1.47,14.97,33.07,32.10%,0.62%,24.33%,10.50%,-,10.20,3.03%,"17,716,300"
44,BIGC,723.38M,-,-,-,2.66,11.47,2.36,-,-92.30%,54.20%,-,5.30%,-,10.21,2.82%,"618,709"
45,BNFT,361.38M,-,40.35,-,1.45,-,6.56,200.77,-34.70%,173.68%,3.10%,20.00%,2.20%,10.49,0.10%,"119,148"
46,XM,6.25B,-,113.87,-,4.51,3.24,8.54,-,-278.50%,158.33%,-,30.00%,41.40%,10.59,-1.30%,"1,040,609"
47,MX,450.50M,14.37,40.37,0.53,1.16,1.17,1.80,5.83,-3.10%,-20.77%,27.70%,27.00%,-7.20%,10.78,-1.37%,"196,234"
48,ACMR,638.70M,22.22,12.65,0.52,1.70,1.00,1.53,-,-34.80%,8.78%,68.40%,42.74%,56.80%,10.82,1.31%,"730,193"
49,ADEA,1.12B,-,8.02,-,1.23,1.15,4.12,6.54,-129.00%,-30.06%,-19.60%,15.00%,27.60%,10.92,0.09%,"297,576"
50,LPSN,861.34M,-,-,-,1.67,9.69,2.19,-,-9.90%,56.20%,-31.20%,25.00%,16.10%,11.14,0.36%,"385,263"
51,VIAV,2.47B,25.66,13.93,1.71,1.94,3.92,4.81,30.99,-76.50%,34.50%,-37.00%,15.00%,9.90%,11.24,-1.14%,"1,095,323"
52,TWKS,3.55B,-,21.29,-,2.79,4.80,19.22,64.59,-236.60%,27.54%,-,18.40%,-,11.24,2.74%,"306,201"
53,VERX,1.92B,-,34.82,-,4.07,8.64,24.51,97.18,98.20%,23.69%,-,4.90%,-,12.36,-1.67%,"119,754"
54,AMPL,1.44B,-,-,-,6.46,4.77,5.81,-,-184.60%,4.50%,-,3.60%,-,12.54,0.48%,"477,030"
55,OSPN,489.86M,-,-,-,2.21,2.61,5.23,-,-466.60%,46.70%,-37.50%,2.00%,2.20%,12.80,1.67%,"195,954"
56,CLS,1.55B,11.95,6.41,0.51,0.23,1.02,4.26,9.03,74.70%,7.75%,-2.80%,23.25%,-1.30%,13.00,2.44%,"502,523"
57,DZSI,343.34M,-,15.91,-,0.92,3.30,19.18,-,-21.50%,393.37%,0.30%,20.00%,18.40%,13.03,-1.66%,"118,610"
58,CMTL,369.35M,-,-,-,0.74,0.83,17.18,-,42.90%,87.10%,-34.60%,17.00%,-2.40%,13.48,2.82%,"380,687"
59,LYTS,364.23M,21.01,15.42,0.84,0.77,2.43,40.47,52.79,151.10%,6.06%,36.00%,25.00%,6.60%,13.49,1.97%,"320,733"
60,SSYS,900.23M,-,69.95,-,1.37,0.95,2.58,-,87.90%,77.98%,7.90%,33.00%,-2.00%,13.57,-1.52%,"208,283"
61,PATH,7.43B,-,100.07,-,7.14,4.09,4.43,-,-549.60%,133.90%,-,31.68%,-,13.81,1.69%,"7,455,769"
62,AMSWA,510.89M,46.44,30.20,2.90,3.94,3.75,4.78,-,52.70%,25.83%,-4.00%,16.00%,3.70%,14.86,-0.87%,"129,409"
63,CRSR,1.47B,-,19.72,-,0.99,2.76,25.63,85.39,-11.40%,443.17%,-,2.90%,-,14.89,2.06%,"316,011"
64,FRSH,4.36B,-,-,-,9.27,4.07,3.79,-,-80.70%,27.30%,-,30.00%,-,15.07,1.07%,"1,470,940"
65,HLIT,1.54B,42.35,20.60,2.18,2.49,5.36,14.58,-,141.40%,42.80%,16.40%,19.40%,4.60%,15.33,-0.78%,"907,384"
66,MLNK,1.21B,348.86,47.82,34.89,4.30,2.13,10.45,13.89,-54.90%,-3.02%,-26.97%,10.00%,-,15.35,0.20%,"76,687"
67,MGIC,755.09M,21.56,13.59,1.91,1.37,3.05,8.61,32.55,16.30%,12.20%,17.40%,11.30%,19.00%,15.63,0.45%,"12,414"
68,STER,1.51B,52.02,13.42,3.47,1.96,1.98,15.20,15.27,63.10%,3.45%,-,15.00%,-,15.71,0.96%,"156,184"
69,ATEN,1.12B,31.51,19.25,1.58,4.11,7.46,8.81,42.93,432.50%,18.79%,40.50%,20.00%,1.90%,15.82,-0.94%,"508,647"
70,DLO,4.60B,45.47,25.24,0.92,12.21,12.72,8.47,19.67,162.00%,55.05%,-,49.60%,-,16.28,-0.31%,"1,330,392"
71,INFA,4.60B,-,20.23,-,3.04,2.35,7.10,20.99,34.90%,6.41%,-,12.15%,-,16.45,2.17%,"216,491"
72,HPE,20.27B,25.31,7.58,4.55,0.71,1.07,4.87,23.85,-74.50%,7.16%,20.30%,5.57%,-0.30%,16.45,0.80%,"12,392,070"
73,XRX,2.50B,-,8.65,-,0.36,0.80,2.68,-,-404.10%,186.37%,-25.30%,5.16%,-8.20%,16.73,1.15%,"759,709"
74,APPS,1.61B,32.72,10.69,3.27,2.11,2.86,19.48,13.95,-39.30%,11.93%,26.20%,10.00%,79.40%,16.85,1.63%,"1,013,709"
75,TTMI,1.68B,18.54,10.53,0.93,0.68,1.16,-,10.40,426.60%,-4.25%,7.90%,20.00%,-2.40%,17.30,2.49%,"406,102"
76,KN,1.55B,-,13.76,-,1.94,1.36,37.40,25.91,-17.60%,1.27%,48.00%,15.00%,2.80%,17.50,-0.11%,"579,091"
77,TASK,1.76B,40.62,12.57,2.73,1.86,4.00,14.34,19.88,-269.70%,1.15%,-,14.90%,-,17.67,0.97%,"189,773"
78,SATS,1.48B,29.24,81.03,5.85,0.74,0.44,0.94,6.98,297.60%,-87.56%,-11.00%,5.00%,1.90%,18.07,2.15%,"311,536"
79,SONO,2.27B,42.67,26.03,4.27,1.29,4.14,8.25,-,-56.70%,154.58%,40.00%,10.00%,12.00%,18.09,-0.50%,"765,780"
80,PLAB,1.08B,9.47,8.43,0.95,1.31,1.34,3.02,6.64,117.10%,9.99%,59.30%,10.00%,12.80%,18.37,0.60%,"380,511"
81,CWAN,4.31B,-,63.83,-,14.85,14.13,14.80,96.06,81.80%,31.82%,-,20.00%,-,18.51,0.71%,"387,529"
82,INFY,77.87B,28.06,22.59,1.90,4.76,8.02,24.38,92.48,15.10%,13.90%,10.80%,14.80%,12.20%,18.52,0.65%,"10,388,334"
83,AUDC,570.28M,21.68,11.65,3.16,2.11,3.30,12.99,-,20.50%,17.53%,17.10%,6.85%,11.30%,18.60,0.54%,"53,724"
84,DCT,2.20B,-,102.47,-,7.26,3.45,8.05,4399.05,51.20%,33.81%,20.80%,32.30%,14.10%,19.06,0.00%,"1,912,374"
85,EBIX,579.42M,8.14,7.38,0.81,0.55,0.95,6.39,11.45,-26.30%,6.58%,-4.90%,10.00%,27.20%,19.11,-3.24%,"300,508"
86,EXTR,2.44B,57.95,13.86,2.90,2.14,22.56,12.31,19.93,29.90%,37.71%,86.50%,20.00%,12.90%,19.18,-0.88%,"1,023,397"
87,RDWR,848.51M,-,22.64,-,2.87,2.58,3.16,19.83,-18.50%,26.69%,23.20%,13.60%,7.80%,19.56,-2.78%,"258,300"
88,JAMF,2.38B,-,77.60,-,5.27,3.62,10.57,43.25,-187.50%,73.97%,-,60.60%,-,19.71,-0.61%,"393,465"
89,ADTN,1.48B,-,16.40,-,1.80,1.66,13.20,-,-460.90%,81.95%,-17.60%,2.30%,-2.40%,19.85,0.00%,"415,256"
90,CFLT,5.76B,-,-,-,10.72,7.34,2.97,-,-38.60%,21.50%,-,45.60%,-,20.41,1.09%,"1,815,085"
91,DMRC,414.33M,-,-,-,13.77,4.07,7.35,-,38.00%,-20.40%,2.20%,20.00%,4.00%,20.81,0.82%,"40,810"
92,SPNS,1.17B,22.31,16.55,2.69,2.47,3.10,7.03,28.68,31.00%,6.13%,16.90%,8.30%,16.40%,21.22,1.05%,"107,963"
93,HCKT,666.46M,14.50,13.41,0.97,2.27,4.12,9.95,16.70,625.40%,9.43%,14.80%,15.00%,-0.10%,21.32,-0.61%,"128,274"
94,CRNC,859.50M,-,16.47,-,2.62,1.19,7.47,-,-779.00%,2720.00%,-52.00%,15.00%,6.00%,21.59,-0.18%,"219,226"
95,IMOS,784.87M,5.34,-,0.53,0.94,0.99,3.18,6.28,112.00%,-,24.80%,10.00%,8.30%,21.82,-1.76%,"31,788"
96,VNT,3.30B,8.14,7.90,2.16,1.06,6.96,17.49,16.13,20.30%,-9.13%,6.10%,3.76%,4.60%,21.86,-0.05%,"1,768,722"
97,TIXT,1.96B,23.71,15.49,1.53,0.59,2.52,10.11,4.93,-15.80%,18.45%,-,15.50%,-,22.07,0.18%,"63,371"
98,CAJ,28.75B,14.00,12.43,14.00,1.00,0.97,8.03,-,158.70%,5.30%,8.30%,1.00%,0.60%,22.13,-0.32%,"512,867"
99,SQSP,2.99B,-,86.61,-,3.54,-,13.12,23.58,3.20%,620.00%,-,11.20%,-,22.26,0.91%,"426,071"
100,ITRN,444.14M,12.33,9.99,0.80,1.54,3.23,14.56,46.26,112.90%,19.52%,1.50%,15.40%,6.30%,22.33,1.64%,"21,876"
101,CMBM,587.29M,54.36,18.42,3.42,2.02,4.67,13.08,-,95.50%,43.92%,71.20%,15.90%,13.10%,22.45,1.58%,"130,612"
102,DBX,8.35B,20.84,13.24,2.82,3.64,-,5.74,11.23,266.00%,10.67%,31.40%,7.40%,20.60%,23.07,0.65%,"1,840,695"
103,IMXI,875.12M,15.99,12.44,0.89,1.68,6.07,8.33,-,36.00%,21.35%,37.60%,17.99%,-,23.55,2.35%,"331,616"
104,BAND,587.85M,-,44.32,-,1.08,3.07,1.89,39.99,40.30%,42.25%,-21.30%,20.60%,26.40%,23.58,0.77%,"343,988"
105,DV,3.89B,77.41,62.96,2.56,9.16,4.62,16.02,76.07,38.90%,38.38%,-,30.20%,-,23.61,-1.34%,"691,095"
106,PRO,1.13B,-,-,-,4.17,-,5.44,-,-3.00%,12.70%,5.80%,36.50%,10.40%,23.82,-1.98%,"412,975"
107,FLEX,10.56B,13.79,9.88,0.82,0.37,2.61,4.30,86.54,60.00%,5.88%,27.10%,16.85%,1.80%,24.03,2.47%,"6,209,385"
108,RAMP,1.61B,-,23.73,-,2.82,1.69,3.32,24.89,63.60%,31.35%,14.80%,21.50%,24.80%,24.16,-0.78%,"352,646"
109,PYCR,4.25B,-,64.38,-,9.33,3.34,43.25,265.45,-22.50%,29.55%,-,29.32%,-,24.27,-1.14%,"451,333"
110,VRNS,2.68B,-,93.22,-,5.85,5.08,3.39,-,-11.40%,84.62%,-44.00%,46.80%,18.70%,24.61,0.41%,"674,990"
111,CAMT,1.06B,16.70,15.79,2.78,3.39,3.06,2.70,-,148.10%,-15.72%,122.50%,6.00%,27.80%,24.80,-0.72%,"210,616"
112,GDS,4.89B,-,-,-,3.69,1.36,3.70,-,-53.70%,-3.70%,7.70%,0.51%,49.20%,24.80,5.49%,"1,396,239"
113,PWSC,5.19B,-,28.70,-,8.42,3.20,47.63,42.04,11.40%,11.24%,-,10.60%,-,25.00,-3.29%,"447,649"
114,FORM,1.84B,22.02,30.19,1.10,2.34,2.40,7.32,19.21,6.70%,-31.78%,65.70%,20.00%,14.90%,25.15,-1.30%,"403,029"
115,NCR,3.45B,31.04,8.45,7.76,0.44,2.43,7.95,8.93,296.90%,16.85%,-17.10%,4.00%,1.80%,25.61,0.16%,"673,837"
116,ZI,10.84B,116.12,26.57,3.79,10.64,4.76,24.71,33.91,372.90%,16.13%,-,30.60%,-,26.01,1.09%,"3,474,209"
117,PSTG,7.81B,588.00,20.32,18.17,2.95,9.48,5.33,-,52.40%,2.28%,15.10%,32.36%,24.20%,26.46,-0.23%,"4,162,735"
118,ACIW,2.87B,19.51,21.30,1.63,2.00,2.55,21.32,18.10,75.00%,-6.73%,-0.20%,12.00%,6.40%,26.88,-0.33%,"521,170"
119,INTA,1.68B,-,472.28,-,5.80,6.76,41.62,158.24,-53.40%,250.00%,-,25.30%,-,26.92,-1.36%,"78,687"
120,NCNO,2.99B,-,79.31,-,8.00,2.95,50.06,-,-10.60%,318.80%,-,40.10%,-,27.44,-0.22%,"397,084"
121,DOCN,2.67B,-,23.83,-,5.00,89.32,3.23,17.18,57.40%,41.71%,-,73.80%,-,27.69,2.06%,"798,921"
122,PD,2.50B,-,181.18,-,7.19,10.30,5.45,-,-46.90%,1600.00%,-,30.00%,-,27.72,1.58%,"789,824"
123,HPQ,26.30B,9.26,7.62,5.36,0.42,-,-,9.98,-42.80%,10.36%,15.50%,1.73%,3.90%,27.91,-2.24%,"7,330,013"
124,SHLS,4.81B,202.29,45.10,2.75,17.14,123.13,429.07,1334.89,-88.80%,107.26%,-,73.62%,-,28.32,3.58%,"2,359,525"
125,BHE,979.87M,17.11,12.07,0.78,0.35,1.01,3.96,-,159.50%,13.99%,-5.00%,22.00%,-0.60%,28.71,0.28%,"100,038"
126,DXC,6.51B,9.39,6.28,0.70,0.42,1.44,2.88,5.88,562.80%,31.32%,39.00%,13.46%,16.40%,28.81,-0.03%,"960,390"
127,AEHR,608.78M,89.69,26.46,4.48,10.89,15.47,16.86,553.43,493.80%,84.17%,24.40%,20.00%,21.90%,29.24,5.67%,"1,996,381"
128,UBER,56.82B,-,-,-,1.96,9.32,-,112.30,93.20%,95.40%,32.90%,23.17%,35.30%,29.44,1.41%,"16,905,651"
129,BOX,4.40B,-,20.79,-,4.55,-,10.93,14.18,-24.20%,25.17%,21.90%,31.09%,17.00%,30.50,2.80%,"1,614,035"
130,CEVA,682.20M,-,44.54,-,5.04,2.80,5.01,62.59,115.80%,-5.91%,-51.10%,20.50%,11.10%,30.51,2.11%,"73,396"
131,PDFS,1.09B,-,47.06,-,7.93,5.60,9.42,102.26,50.60%,26.46%,-32.40%,20.00%,0.70%,30.59,0.89%,"75,002"
132,QTWO,1.71B,-,59.21,-,3.10,4.10,4.32,92.36,24.40%,64.24%,-16.90%,34.40%,27.10%,30.73,-0.68%,"402,373"
133,BRZE,2.87B,-,-,-,8.77,6.42,6.06,-,-134.60%,16.20%,-,30.00%,-,30.73,6.48%,"787,387"
134,ICHR,839.74M,12.19,13.29,0.73,0.66,1.56,14.86,-,72.50%,-39.10%,60.40%,16.76%,22.00%,30.85,2.73%,"221,527"
135,SWIR,1.14B,-,23.66,-,1.69,4.42,9.07,-,-24.00%,14.41%,-47.30%,15.00%,-5.10%,30.99,0.00%,0
136,AMKR,7.17B,9.33,11.04,1.25,1.04,2.18,7.69,58.49,87.50%,-10.62%,28.80%,7.49%,9.30%,31.03,3.23%,"1,326,700"
137,SMTC,1.92B,13.67,13.76,1.19,2.46,2.51,3.10,11.57,111.40%,-19.02%,18.30%,11.50%,6.40%,31.24,1.73%,"970,228"
138,AOSL,824.30M,1.95,7.69,0.11,1.03,0.97,2.61,164.86,654.00%,18.30%,95.90%,17.00%,15.20%,31.39,1.13%,"234,701"
139,PAR,868.97M,-,-,-,2.56,2.23,6.71,-,-57.10%,39.70%,-44.83%,18.00%,4.30%,31.53,2.44%,"233,150"
140,NTCT,2.25B,47.71,15.18,26.80,2.53,1.17,6.13,9.57,82.30%,4.19%,5.90%,1.78%,-5.90%,31.68,-0.88%,"244,857"
141,AVNW,353.04M,27.80,9.08,2.32,1.13,1.79,15.42,-,-81.00%,9.84%,90.40%,12.00%,4.60%,31.92,0.00%,"37,575"
142,JNPR,10.11B,24.89,14.10,1.56,1.96,2.38,9.57,-,-0.90%,16.38%,-13.00%,15.95%,-1.00%,31.94,0.79%,"2,291,259"
143,SCSC,800.83M,9.18,6.84,0.66,0.22,0.99,19.77,-,93.60%,10.33%,4.90%,14.00%,-0.20%,32.37,0.31%,"47,499"
144,UCTT,1.41B,26.31,12.44,1.32,0.58,1.74,3.12,32.82,42.50%,-35.19%,54.80%,20.00%,30.20%,32.83,1.14%,"245,036"
145,NVEI,6.20B,59.35,15.36,1.73,5.48,1.76,6.07,18.49,165.80%,16.30%,-,34.30%,-,33.00,2.07%,"326,276"
146,TDC,3.39B,49.97,17.53,56.15,1.86,14.47,6.69,9.16,12.60%,17.98%,6.50%,0.89%,-3.80%,33.13,-1.55%,"655,334"
147,ALGM,6.19B,54.33,27.08,4.18,7.35,7.92,21.08,57.95,557.40%,5.24%,7.10%,12.99%,21.90%,33.74,0.60%,"1,046,811"
148,EVOP,1.76B,2605.38,26.05,162.13,3.28,-,4.10,14.35,86.60%,11.11%,-15.40%,16.07%,3.40%,33.87,0.03%,"412,900"
149,TCX,359.96M,-,-,-,1.11,3.51,11.80,-,-42.40%,-,-27.00%,29.00%,9.90%,34.38,5.75%,"42,686"
150,FARO,618.86M,-,57.98,-,1.81,2.13,12.76,-,-64.30%,203.55%,-39.60%,30.00%,0.70%,34.67,1.52%,"42,854"
151,SSTI,426.25M,110.16,129.19,3.67,5.76,7.22,41.79,129.17,-464.30%,-54.67%,12.80%,30.00%,30.30%,35.14,1.12%,"16,275"
152,GLW,29.65B,16.86,15.97,2.01,2.05,2.69,18.19,102.61,138.40%,9.13%,-16.90%,8.40%,8.40%,36.07,-1.29%,"3,642,979"
153,RNG,3.42B,-,12.76,-,1.79,-,11.18,20.26,-338.20%,43.61%,36.42%,35.40%,33.20%,36.26,-0.79%,"772,590"
154,VSAT,2.68B,-,-,-,1.01,1.07,17.96,-,-484.30%,10.10%,-19.90%,24.60%,12.30%,36.60,-1.40%,"291,988"
155,DGII,1.29B,69.14,16.37,4.07,3.32,2.61,36.94,36.11,73.50%,20.84%,9.20%,17.00%,16.40%,36.92,0.00%,"190,344"
156,MXL,2.82B,24.40,9.42,1.62,2.62,4.71,14.10,9.45,139.10%,-6.97%,-10.30%,15.03%,18.10%,36.96,-0.24%,"379,758"
157,DT,10.80B,381.55,38.31,19.31,10.39,7.58,19.18,35.97,-31.80%,17.23%,130.90%,19.76%,18.00%,37.01,1.01%,"1,583,013"
158,TENB,4.15B,-,71.49,-,6.41,15.96,7.58,39.73,-3.70%,59.88%,-0.60%,41.90%,34.20%,37.03,0.68%,"923,546"
159,VRNT,2.44B,-,13.80,-,2.71,2.94,9.30,22.22,92.20%,8.20%,31.90%,9.75%,-3.80%,37.32,-0.32%,"259,344"
160,BSY,10.73B,63.72,42.72,13.85,9.90,22.61,147.24,40.46,-29.80%,6.72%,-,4.60%,-,37.98,0.85%,"497,122"
161,RMBS,4.09B,-,22.57,-,9.64,5.77,15.44,17.60,144.70%,-0.34%,21.50%,12.08%,-0.50%,39.32,0.72%,"682,007"
162,DELL,27.72B,25.49,6.34,8.62,0.28,-,5.65,-,113.30%,-15.51%,27.70%,2.96%,10.20%,40.18,0.63%,"3,383,347"
163,AMOT,609.43M,41.74,17.84,1.39,1.30,3.13,30.94,-,74.40%,23.11%,20.10%,30.00%,10.40%,40.20,1.13%,"29,798"
164,MRVL,33.33B,-,19.69,-,5.70,2.23,46.08,37.51,-27.40%,-2.78%,-41.40%,18.65%,14.20%,40.67,3.46%,"11,865,558"
165,STM,36.04B,11.17,11.09,2.23,2.36,3.56,8.82,30.99,79.30%,-7.30%,63.20%,5.00%,12.80%,41.14,0.93%,"2,251,803"
166,COHR,5.49B,104.99,8.88,8.19,1.42,1.21,6.11,389.28,-36.00%,22.92%,-0.40%,12.81%,27.80%,41.26,1.65%,"902,235"
167,VPG,563.52M,17.31,15.72,1.08,1.58,2.00,7.05,38.60,87.00%,8.54%,25.30%,16.00%,7.20%,41.96,3.60%,"132,253"
168,CSIQ,2.43B,15.46,9.86,1.29,0.35,1.55,2.24,-,-38.60%,67.68%,5.40%,12.00%,13.10%,43.00,-0.42%,"1,190,382"
169,TSEM,4.70B,20.72,17.10,1.38,2.79,2.72,5.21,20.00,80.10%,5.15%,-7.50%,15.00%,3.80%,43.65,0.53%,"862,837"
170,AVT,3.92B,5.67,7.04,0.54,0.15,1.03,48.40,-,259.80%,-11.34%,27.60%,10.40%,6.90%,44.10,0.52%,"362,419"
171,GTLB,6.64B,-,-,-,17.51,8.77,7.16,-,-44.70%,7.00%,-,33.40%,-,44.97,0.97%,"1,298,376"
172,ST,6.70B,22.98,12.31,2.30,1.70,2.28,6.07,29.72,130.10%,10.78%,8.30%,10.00%,3.60%,45.29,-0.29%,"993,783"
173,CTS,1.42B,27.75,17.76,2.52,2.46,3.01,9.58,14.19,-221.70%,5.89%,-26.60%,11.00%,5.30%,46.31,1.87%,"336,675"
174,MEI,1.65B,18.45,14.55,1.23,1.40,1.89,12.72,46.45,-15.40%,16.87%,1.70%,15.00%,7.30%,46.97,0.49%,"76,790"
175,NATI,5.98B,44.56,19.44,7.70,3.67,5.52,-,-,-38.60%,25.05%,0.80%,5.79%,3.70%,46.97,16.93%,"7,771,136"
176,TTD,23.18B,-,44.12,-,15.64,12.00,17.55,47.19,-44.10%,3.90%,43.30%,24.00%,42.60%,47.03,0.71%,"4,192,855"
177,G,8.55B,26.82,15.89,2.33,1.97,5.05,16.32,27.18,21.60%,9.92%,8.30%,11.53%,9.40%,47.72,0.34%,"484,694"
178,PLUS,1.25B,12.63,9.75,2.53,0.66,1.80,12.54,-,-1.80%,13.84%,85.20%,5.00%,6.50%,47.89,0.84%,"59,976"
179,IRBT,1.32B,-,-,-,1.03,2.33,14.74,-,-79.00%,58.10%,-6.20%,34.40%,18.80%,47.98,-0.64%,"201,792"
180,SILC,310.57M,20.51,14.42,1.37,2.19,1.88,11.09,-,88.10%,7.43%,-3.10%,15.00%,5.10%,48.15,-1.33%,"33,865"
181,TTEC,2.24B,20.91,12.69,2.90,0.94,4.50,13.02,34.35,17.80%,7.68%,33.40%,7.20%,12.30%,48.39,1.00%,"113,826"
182,FTNT,37.21B,53.64,35.11,2.29,9.08,-,21.50,31.86,24.70%,21.04%,81.90%,23.38%,21.20%,48.87,0.97%,"6,281,194"
183,CSCO,194.82B,17.69,12.76,2.61,3.73,4.99,9.85,27.80,12.70%,8.01%,8.20%,6.78%,1.40%,48.88,-0.24%,"12,637,388"
184,CNXN,1.29B,14.17,13.88,1.77,0.40,1.73,11.10,45.72,25.20%,3.02%,8.00%,8.00%,1.40%,49.76,1.76%,"24,452"
185,AYX,3.60B,-,957.55,-,4.95,22.36,9.48,-,-624.70%,114.30%,-37.40%,1.00%,44.30%,50.75,-0.10%,"966,118"
186,CIEN,7.29B,50.89,14.27,7.17,2.01,2.80,6.34,-,-68.50%,36.92%,4.50%,7.10%,5.30%,51.09,0.33%,"923,117"
187,ESTC,4.93B,-,59.55,-,5.04,12.46,5.76,16431.58,-48.40%,8700.00%,-24.10%,23.10%,57.80%,51.21,-0.16%,"1,416,054"
188,KLIC,2.78B,7.26,14.21,0.36,1.85,2.48,3.59,8.48,22.60%,91.86%,32.30%,20.00%,13.20%,51.23,-0.87%,"471,112"
189,CGNX,8.98B,43.93,36.97,2.93,8.89,6.63,18.93,53.87,55.90%,8.69%,13.50%,15.00%,14.40%,53.20,1.14%,"547,510"
190,PRGS,2.29B,27.65,12.34,13.83,3.91,6.33,10.19,14.36,-0.10%,6.35%,28.90%,2.00%,5.60%,53.76,0.43%,"249,932"
191,TRMB,13.08B,28.61,18.59,2.86,3.49,3.51,42.38,33.63,25.40%,10.72%,30.00%,10.00%,9.10%,54.51,0.68%,"842,453"
192,LOGI,9.22B,18.34,13.87,67.92,1.78,4.12,10.61,21.63,-31.40%,13.48%,24.90%,0.27%,19.80%,54.74,-3.39%,"2,103,701"
193,CVLT,2.40B,98.05,18.33,9.80,3.02,9.31,-,13.11,207.30%,13.07%,130.20%,10.00%,3.60%,55.20,0.51%,"295,949"
194,SSNC,13.68B,21.30,11.15,2.71,2.61,2.47,34.04,14.10,27.60%,6.74%,36.30%,7.87%,27.80%,55.67,0.27%,"1,180,808"
195,LITE,3.79B,36.42,9.63,4.67,2.14,2.57,2.33,11.76,-47.10%,15.89%,29.00%,7.80%,11.30%,57.58,0.58%,"475,737"
196,NEWR,3.96B,-,84.92,-,4.65,8.38,4.76,128.27,-22.90%,254.69%,-26.80%,15.00%,24.40%,57.83,-1.08%,"480,055"
197,DOCU,11.60B,-,27.06,-,4.76,25.04,11.89,30.02,72.80%,12.47%,16.20%,20.00%,40.80%,58.34,-0.61%,"2,937,744"
198,ITRI,2.56B,-,37.18,-,1.41,2.41,11.90,130.77,-27.40%,212.13%,-33.40%,25.00%,-0.30%,58.37,1.18%,"139,037"
199,CSGS,1.83B,44.85,15.39,6.41,1.70,5.25,12.40,-,24.20%,2.85%,3.50%,7.00%,6.60%,58.39,0.33%,"113,203"
200,JKS,2.59B,148.36,10.10,2.05,0.26,1.31,-,-,172.20%,52.60%,-11.20%,72.41%,13.80%,58.90,0.46%,"1,055,385"
201,BKI,9.38B,18.81,25.50,6.17,6.04,3.64,582.89,32.48,-22.70%,-0.97%,34.80%,3.05%,7.50%,60.00,-2.44%,"938,972"
202,VICR,2.50B,103.18,53.09,5.16,6.52,5.86,12.39,-,208.50%,56.55%,57.90%,20.00%,12.40%,60.26,-0.81%,"155,916"
203,FOUR,5.02B,158.81,31.10,2.01,2.71,17.05,7.45,48.02,-269.70%,48.16%,-,79.15%,-,62.57,3.32%,"1,209,733"
204,CTSH,31.72B,14.26,13.54,2.62,1.64,2.76,11.62,17.31,57.30%,6.58%,9.70%,5.44%,6.50%,64.06,-1.60%,"5,248,921"
205,MTSI,4.33B,10.39,19.28,0.69,6.42,5.34,7.39,28.78,8.50%,8.65%,35.10%,15.00%,-0.70%,64.17,1.66%,"464,121"
206,CALX,3.93B,90.28,52.65,4.51,4.91,6.49,16.73,185.26,550.50%,16.84%,52.50%,20.00%,8.20%,64.28,0.23%,"602,834"
207,NTAP,13.43B,9.80,11.26,1.20,2.05,11.67,4.43,29.52,26.70%,6.12%,19.00%,8.19%,2.80%,64.66,0.95%,"1,497,620"
208,ON,26.94B,16.90,14.42,0.92,3.34,4.98,11.00,15.89,306.80%,-14.37%,39.30%,18.33%,11.50%,65.15,0.34%,"3,400,706"
209,SIMO,2.17B,6.57,10.20,1.31,2.15,0.78,10.91,199.37,150.70%,-6.20%,12.80%,5.00%,10.60%,65.30,-0.34%,"341,727"
210,ENV,3.66B,-,30.99,-,2.89,3.91,15.16,25.11,513.70%,16.10%,16.90%,15.00%,15.50%,66.60,0.97%,"358,106"
211,FTV,23.27B,35.01,20.16,4.17,4.10,2.55,-,24.97,-57.30%,7.21%,-5.00%,8.40%,-0.50%,67.43,0.52%,"1,101,238"
212,CDAY,10.19B,-,70.58,-,8.55,5.05,24.96,133.92,148.60%,39.85%,11.60%,44.50%,7.80%,67.62,1.30%,"944,984"
213,FIS,40.73B,45.53,10.45,12.29,2.81,0.93,-,16.47,166.50%,0.54%,-15.80%,3.70%,9.50%,69.75,0.68%,"6,472,696"
214,OKTA,10.97B,-,239.73,-,6.34,2.05,4.43,1481.83,-173.70%,207.40%,-7.80%,25.00%,51.90%,69.76,5.94%,"3,634,399"
215,DDOG,22.16B,-,60.03,-,14.46,17.27,12.54,56.49,17.90%,28.73%,117.70%,47.01%,-,70.47,1.82%,"2,925,646"
216,BL,4.06B,-,129.85,-,8.16,53.92,3.89,103.95,-139.10%,19.30%,-26.10%,5.97%,27.20%,70.64,-2.99%,"420,638"
217,AMD,111.56B,42.57,19.43,2.88,4.89,2.10,19.95,32.73,24.70%,3.84%,44.60%,14.79%,30.90%,71.00,0.28%,"45,680,855"
218,DSGX,5.82B,67.12,53.91,5.16,12.30,5.76,24.52,32.00,64.80%,16.90%,26.30%,13.00%,15.80%,71.21,1.58%,"77,626"
219,SQ,40.19B,-,42.15,-,2.37,2.57,7.46,272.31,-25.00%,58.73%,21.60%,15.16%,59.50%,71.65,-0.21%,"9,319,122"
220,FIVN,5.00B,-,46.23,-,6.73,18.88,8.67,1112.16,-19.50%,15.04%,-28.20%,21.96%,30.30%,72.49,1.64%,"1,098,262"
221,LSCC,9.66B,65.72,36.04,4.38,15.43,22.55,81.34,50.14,101.20%,15.21%,28.40%,15.00%,3.80%,72.62,0.75%,"1,188,872"
222,MCHP,39.13B,22.86,12.81,1.81,5.12,6.77,127.54,17.72,75.90%,-1.35%,44.30%,12.60%,14.90%,74.92,-0.43%,"4,004,194"
223,NVEC,354.75M,20.70,-,0.83,11.41,5.69,25.52,-,24.00%,-,2.30%,25.00%,-1.00%,75.00,1.04%,"31,163"
224,PRFT,2.58B,33.45,15.59,1.97,2.91,6.62,124.20,23.97,61.90%,12.68%,20.80%,17.00%,9.30%,75.10,-0.19%,"236,673"
225,GDDY,11.67B,35.91,27.38,1.92,2.87,-,14.12,13.20,148.20%,25.31%,54.70%,18.70%,15.60%,75.92,0.48%,"501,276"
226,ONTO,3.60B,18.98,18.22,1.58,3.68,2.45,6.51,28.65,356.50%,-19.29%,10.30%,12.00%,29.00%,77.52,-0.46%,"112,712"
227,JBL,10.07B,11.26,8.65,1.04,0.29,4.34,6.81,92.34,50.70%,7.16%,58.30%,10.81%,11.90%,77.66,2.09%,"1,514,085"
228,DAVA,4.43B,40.70,22.39,1.69,5.29,7.73,20.37,33.18,88.10%,21.50%,35.00%,24.06%,32.70%,78.60,1.13%,"170,425"
229,DUOL,3.17B,-,-,-,9.35,5.91,5.28,86.30,-483.80%,11.20%,-,20.00%,-,79.36,-0.95%,"417,779"
230,COUP,6.05B,-,112.49,-,7.39,21.29,7.03,30.74,-95.50%,52.48%,-22.20%,10.33%,40.20%,79.42,0.15%,"2,158,963"
231,ENTG,11.25B,39.43,23.38,4.46,3.79,3.79,14.95,-,38.40%,-7.32%,34.40%,8.84%,14.40%,79.60,0.37%,"907,062"
232,APH,46.69B,27.09,26.26,2.32,3.76,7.28,37.29,41.75,28.20%,3.03%,14.00%,11.69%,11.60%,80.37,-0.66%,"2,069,749"
233,SMCI,4.06B,9.87,9.09,0.99,0.67,2.61,17.02,-,154.40%,-12.17%,32.70%,10.00%,15.90%,80.58,0.16%,"667,455"
234,POWI,4.44B,25.78,30.68,8.95,6.35,6.26,12.22,30.06,128.70%,-17.78%,26.50%,2.88%,12.50%,82.17,2.11%,"198,639"
235,AGYS,2.13B,258.77,83.26,5175.31,11.76,19.41,22.16,114.01,118.10%,13.53%,18.70%,0.05%,5.00%,83.84,4.10%,"158,569"
236,CRUS,4.49B,14.12,13.18,2.88,2.28,2.86,11.86,21.99,52.50%,8.51%,7.10%,4.90%,3.00%,84.89,0.74%,"399,758"
237,SONY,104.04B,15.19,13.90,1.31,1.34,2.05,8.12,1057.32,-14.40%,9.00%,65.40%,11.60%,5.50%,85.75,-0.37%,"994,399"
238,GIB,18.30B,19.47,16.16,2.53,1.93,3.82,25.69,14.53,11.60%,8.30%,12.10%,7.71%,3.50%,86.64,-0.38%,"65,895"
239,TSM,430.91B,15.58,14.56,0.72,6.37,5.05,8.71,56.23,15.20%,-7.60%,12.30%,21.50%,10.90%,86.80,-0.23%,"18,701,483"
240,DIOD,3.75B,13.20,13.33,0.88,1.89,2.85,9.73,22.87,165.60%,-9.96%,73.30%,15.00%,13.90%,87.35,2.19%,"210,151"
241,OSIS,1.45B,14.41,12.87,1.80,1.24,2.38,26.86,18.74,60.30%,11.78%,43.20%,8.00%,4.20%,87.95,2.03%,"57,253"
242,AKAM,13.75B,28.42,15.84,2.37,3.82,3.33,15.91,12.73,16.60%,6.34%,16.60%,12.00%,8.10%,88.70,0.07%,"786,321"
243,ORCL,236.72B,27.86,16.02,2.72,5.14,-,32.21,47.70,-47.00%,13.50%,1.50%,10.25%,2.30%,89.20,0.47%,"5,085,912"
244,DOX,10.71B,20.07,13.59,1.90,2.34,2.91,13.10,31.20,-16.50%,12.66%,8.40%,10.55%,3.40%,89.51,-0.04%,"824,130"
245,NVMI,2.51B,22.67,22.12,0.70,4.63,4.70,7.48,33.38,88.70%,-18.69%,54.90%,32.20%,20.50%,90.57,-0.47%,"82,413"
246,ESE,2.37B,29.85,22.40,1.99,2.76,2.33,24.27,24.98,30.40%,16.85%,8.90%,15.00%,4.60%,94.30,0.43%,"71,454"
247,GRMN,18.28B,19.65,18.14,3.51,3.70,3.22,12.52,-,8.40%,9.17%,15.40%,5.60%,10.30%,98.21,0.06%,"1,143,931"
248,LDOS,13.32B,20.15,14.12,3.25,0.94,3.30,16.51,17.02,20.70%,9.43%,17.50%,6.20%,14.30%,98.35,-0.36%,"931,562"
249,CRWD,23.37B,-,49.79,-,11.48,17.71,9.47,37.63,-143.00%,33.09%,-13.40%,58.90%,94.10%,99.53,1.58%,"4,194,833"
250,ACLS,3.11B,20.95,19.92,1.05,3.62,5.40,9.08,25.61,96.60%,5.12%,51.90%,20.00%,19.90%,100.51,2.91%,"406,432"
251,SWKS,15.76B,13.03,9.15,0.87,2.87,2.97,26.88,28.04,-13.00%,13.47%,7.60%,15.00%,8.50%,101.61,0.36%,"968,537"
252,FISV,63.36B,32.21,14.04,2.17,3.65,2.16,18.81,22.36,41.70%,12.52%,-0.90%,14.87%,24.10%,102.56,0.14%,"3,881,132"
253,EEFT,5.02B,34.81,14.20,2.32,1.52,5.07,3.11,9.24,72.40%,16.29%,-16.40%,15.00%,8.90%,105.01,-0.36%,"151,267"
254,QLYS,3.97B,41.28,26.14,5.16,8.48,11.38,10.31,22.30,-21.10%,11.62%,28.70%,8.00%,15.70%,105.50,0.29%,"264,844"
255,SAIC,5.74B,22.13,14.11,4.34,0.76,3.46,108.33,15.15,33.90%,4.71%,8.90%,5.10%,10.70%,105.97,-0.10%,"234,280"
256,IPGP,4.99B,20.87,22.04,9.94,3.41,2.13,4.04,35.17,74.00%,2.07%,1.30%,2.10%,7.70%,106.41,-1.42%,"237,422"
257,SITM,2.14B,53.69,55.28,7.78,7.17,3.28,3.79,89.88,361.70%,-45.99%,-,6.90%,-,106.53,3.85%,"315,170"
258,ZS,15.54B,-,63.98,-,12.78,35.65,8.52,57.74,-43.40%,35.35%,-48.50%,53.36%,54.10%,107.30,2.52%,"3,049,364"
259,AMAT,87.18B,14.78,16.16,1.37,3.38,7.69,33.78,23.32,16.10%,1.26%,18.00%,10.80%,11.90%,109.97,-0.21%,"5,640,402"
260,NSIT,3.75B,15.40,12.00,2.07,0.36,2.40,27.44,-,22.20%,6.34%,20.70%,7.44%,11.50%,111.10,0.88%,"172,076"
261,SNX,10.25B,19.50,8.96,1.91,0.17,1.36,29.23,-,-2.80%,8.93%,1.20%,10.20%,17.60%,111.35,1.75%,"401,529"
262,PLXS,3.04B,23.29,16.49,2.86,0.80,2.87,11.06,-,2.10%,15.16%,8.40%,8.13%,8.60%,113.37,2.18%,"79,926"
263,SYNA,4.29B,16.37,10.93,1.09,2.36,3.41,4.70,9.52,204.40%,4.44%,35.80%,15.00%,0.20%,113.40,2.13%,"387,267"
264,ARW,6.73B,5.33,7.02,1.30,0.18,1.39,20.14,-,103.60%,-27.41%,21.60%,4.10%,8.00%,113.86,1.52%,"477,063"
265,ANET,34.22B,31.34,21.04,1.24,8.71,8.00,11.48,53.96,31.90%,24.71%,33.30%,25.21%,21.20%,115.00,-1.86%,"1,999,908"
266,SAP,140.81B,40.96,20.24,518.42,4.40,3.03,15.17,34.54,2.30%,22.20%,8.00%,0.08%,4.80%,117.01,0.28%,"755,572"
267,APPF,4.04B,-,494.17,-,9.11,15.41,29.03,209.38,-99.40%,340.00%,16.20%,25.00%,27.80%,119.59,-0.10%,"91,167"
268,MANH,7.42B,69.74,47.15,4.65,10.02,38.61,37.63,46.79,26.60%,6.09%,-0.10%,15.00%,1.90%,122.40,0.58%,"218,548"
269,PI,3.00B,-,97.48,-,12.83,1540.12,16.50,-,6.80%,41.07%,-40.30%,10.00%,11.10%,123.21,2.56%,"370,309"
270,TEL,38.06B,16.63,15.77,1.51,2.34,3.68,34.98,37.49,10.30%,14.34%,11.70%,11.00%,6.00%,124.24,0.09%,"1,864,823"
271,VMW,51.29B,37.65,17.72,3.47,3.90,65.75,12.91,15.29,-11.40%,11.58%,223.40%,10.84%,90.50%,124.93,-0.50%,"956,821"
272,OLED,5.83B,32.16,30.76,3.59,9.81,5.03,8.46,69.36,37.90%,4.74%,30.20%,8.96%,22.70%,128.58,1.35%,"432,639"
273,CHKP,16.46B,21.19,15.90,2.69,7.19,5.50,10.20,15.88,2.00%,10.94%,7.80%,7.87%,4.50%,128.99,2.34%,"1,347,937"
274,PTC,14.13B,48.98,24.29,4.60,7.31,6.63,51.91,33.99,-34.30%,17.06%,118.50%,10.65%,10.70%,129.69,-1.07%,"796,641"
275,SPSC,4.63B,94.52,53.94,6.30,10.72,9.45,19.52,73.94,-4.00%,9.71%,53.00%,15.00%,14.80%,132.90,3.21%,"67,199"
276,AAPL,2067.70B,22.08,19.97,2.53,5.24,42.65,42.81,21.40,8.90%,8.93%,21.60%,8.73%,11.50%,134.76,1.01%,"57,712,715"
277,FN,4.93B,23.28,16.68,2.60,2.08,3.87,9.86,62.69,35.70%,9.25%,15.90%,8.96%,9.80%,137.86,1.17%,"140,310"
278,PANW,42.07B,-,34.44,-,7.23,82.17,11.06,17.28,47.60%,17.86%,-3.90%,27.07%,25.70%,138.86,1.65%,"4,345,539"
279,BR,16.45B,32.72,19.22,2.77,2.84,8.90,72.44,353.01,-2.10%,8.01%,11.00%,11.80%,6.60%,144.11,-0.61%,"461,987"
280,CNXC,7.45B,16.82,11.52,1.56,1.21,2.81,42.31,19.89,141.20%,4.39%,-,10.75%,28.60%,145.14,0.74%,"142,329"
281,IBM,129.53B,90.06,15.12,9.77,2.14,6.57,13.54,76.28,13.40%,5.84%,-16.20%,9.22%,-6.40%,145.89,0.23%,"2,455,643"
282,FFIV,8.75B,27.75,10.99,2.95,3.25,3.55,9.89,21.39,-1.20%,16.31%,-4.10%,9.40%,5.20%,146.57,-0.48%,"502,047"
283,TEAM,37.41B,-,74.60,-,13.35,112.12,25.65,45.65,13.10%,42.22%,31.15%,20.00%,34.90%,148.00,1.04%,"1,819,832"
284,CRM,145.07B,539.75,26.03,29.50,4.79,2.51,12.17,26.10,-66.30%,16.37%,26.30%,18.30%,25.70%,149.51,-0.06%,"8,372,234"
285,SLAB,4.76B,77.29,40.94,21.47,4.88,3.30,3.46,-,48.80%,-16.89%,-24.00%,3.60%,0.70%,150.09,-0.64%,"177,804"
286,NOVT,5.17B,74.44,45.06,21.27,6.14,9.92,61.06,88.60,12.60%,9.87%,17.40%,3.50%,12.90%,150.51,2.42%,"84,916"
287,WDAY,42.70B,-,35.41,-,7.18,7.90,7.78,27.07,111.90%,31.99%,15.70%,13.24%,26.70%,167.15,2.18%,"2,041,978"
288,ADI,83.03B,32.06,16.22,2.16,6.91,2.37,56.46,37.21,51.60%,6.38%,18.10%,14.87%,18.00%,168.98,0.18%,"1,889,900"
289,NVDA,399.10B,71.88,39.23,3.37,13.97,19.65,30.37,90.13,123.10%,32.15%,43.10%,21.30%,31.30%,168.99,2.35%,"44,665,393"
290,CDNS,45.60B,59.58,36.33,3.10,13.28,16.94,44.44,41.74,18.20%,10.25%,29.10%,19.23%,10.50%,169.26,0.71%,"1,021,092"
291,NXPI,42.82B,17.12,13.61,1.77,3.31,6.34,11.39,15.10,30.20%,-9.91%,63.80%,9.67%,3.10%,171.82,0.95%,"2,005,915"
292,EXLS,5.59B,42.28,26.30,2.52,4.20,8.21,21.33,42.56,29.40%,11.51%,13.40%,16.75%,10.30%,174.06,-0.08%,"110,901"
293,WEX,7.40B,79.59,12.76,4.02,3.32,4.79,9.74,14.46,100.10%,3.90%,-65.00%,19.82%,12.80%,176.54,-0.38%,"255,927"
294,TXN,154.83B,18.75,22.29,1.87,7.67,11.27,17.03,91.78,38.50%,-13.39%,18.90%,10.00%,6.50%,179.01,0.49%,"3,734,553"
295,FSLR,17.82B,204.53,38.22,36.26,7.06,3.30,9.25,-,17.40%,1042.00%,25.30%,5.64%,0.10%,180.19,0.75%,"1,933,731"
296,KEYS,31.09B,29.30,20.95,2.92,5.74,7.68,15.22,32.42,29.20%,7.61%,61.60%,10.04%,11.20%,180.61,1.51%,"953,488"
297,JKHY,12.92B,36.24,32.76,4.03,6.51,9.07,403.85,35.79,20.00%,11.32%,11.00%,9.00%,7.00%,181.76,0.09%,"329,518"
298,PCTY,11.03B,121.50,39.83,6.07,11.94,17.61,-,70.12,27.90%,17.82%,66.90%,20.00%,23.20%,194.03,1.13%,"232,650"
299,FLT,13.83B,16.02,11.31,1.06,4.13,6.51,10.49,15.51,23.00%,7.72%,16.00%,15.08%,9.10%,194.70,0.09%,"234,008"
300,CDW,25.64B,25.61,18.71,1.79,1.08,19.88,66.66,30.50,29.20%,6.44%,22.40%,14.33%,8.80%,194.85,0.75%,"713,660"
301,NICE,12.65B,53.01,23.72,4.22,5.93,4.35,8.66,32.35,0.00%,11.90%,8.20%,12.57%,13.60%,199.01,0.30%,"96,236"
302,ADSK,42.10B,70.75,27.46,3.47,8.59,47.87,23.34,22.83,-58.80%,10.77%,23.40%,20.38%,16.60%,200.59,0.32%,"961,018"
303,AZPN,12.88B,699.44,26.16,38.43,24.77,0.98,33.68,-,-72.20%,11.70%,-11.10%,18.20%,-3.90%,200.74,-1.25%,"100,774"
304,VRSN,22.10B,28.45,30.20,3.56,15.83,-,22.54,28.07,-1.00%,15.24%,15.40%,8.00%,3.10%,213.91,0.46%,"453,441"
305,MSTR,1.98B,-,-,-,3.95,-,32.80,90.04,-459.30%,99.20%,-54.40%,10.00%,-0.10%,216.97,3.24%,"832,006"
306,MSFT,1762.56B,25.78,21.41,2.00,8.68,10.28,16.43,39.36,19.80%,16.99%,24.30%,12.88%,15.50%,239.23,0.30%,"21,303,738"
307,ENPH,34.37B,119.92,46.05,3.15,17.03,54.63,24.25,63.06,7.80%,20.31%,22.50%,38.10%,33.80%,245.83,1.70%,"3,962,667"
308,LFUS,5.94B,18.61,17.66,1.81,2.42,2.93,12.53,21.13,115.40%,-16.77%,19.90%,10.30%,14.50%,247.15,-0.37%,"90,587"
309,ANSS,21.42B,47.57,30.22,5.29,10.57,4.87,33.85,39.77,3.80%,9.28%,11.60%,9.00%,14.00%,254.10,0.85%,"319,433"
310,MSI,43.01B,39.09,23.76,3.50,4.93,-,52.32,88.86,31.60%,9.75%,17.30%,11.18%,6.20%,266.01,0.49%,"556,296"
311,ACN,181.46B,25.62,22.47,2.47,2.91,7.74,30.74,28.70,17.00%,9.45%,14.50%,10.38%,11.20%,282.14,-0.60%,"2,226,663"
312,UI,16.84B,52.64,33.18,2.20,9.73,-,122.98,115.87,-37.30%,30.79%,14.70%,23.90%,14.30%,292.25,1.91%,"52,292"
313,CACI,6.76B,18.86,14.81,7.86,1.07,2.18,49.49,10.78,-15.40%,9.41%,18.90%,2.40%,7.30%,293.56,0.16%,"145,531"
314,ZBRA,14.42B,33.52,16.41,8.61,2.51,5.73,178.07,37.76,66.10%,3.12%,51.00%,3.89%,9.50%,293.70,0.24%,"687,092"
315,PAYC,18.11B,70.77,41.32,2.69,14.04,16.37,57.09,90.37,36.80%,24.86%,23.20%,26.35%,26.20%,304.46,0.06%,"415,736"
316,SEDG,17.29B,154.65,37.38,4.77,6.24,8.56,19.63,-,15.20%,79.87%,39.50%,32.44%,52.30%,315.02,1.80%,"660,838"
317,HUBS,15.56B,-,111.04,-,9.54,16.74,12.12,66.02,12.60%,14.13%,-5.10%,39.00%,36.90%,315.70,2.90%,"515,070"
318,TYL,13.00B,71.44,40.79,9.92,7.10,5.17,57.71,37.80,-18.50%,2.21%,5.50%,7.20%,15.90%,316.76,0.06%,"278,744"
319,SNPS,49.88B,52.91,28.52,3.13,9.82,9.22,31.86,31.13,30.70%,13.00%,48.10%,16.89%,13.30%,332.97,-0.04%,"550,741"
320,IT,26.24B,36.24,35.02,4.56,4.97,-,49.63,25.19,210.80%,-5.46%,31.90%,7.95%,14.10%,335.98,0.01%,"279,869"
321,ADBE,158.03B,34.09,19.64,2.51,8.98,11.24,27.42,23.04,-7.60%,14.53%,34.00%,13.56%,21.90%,344.38,-0.05%,"2,581,506"
322,EPAM,19.69B,50.36,27.84,2.81,4.19,7.20,12.72,44.16,45.70%,16.62%,34.30%,17.90%,26.50%,345.82,1.42%,"205,093"
323,INTU,107.35B,59.90,25.16,3.99,8.06,6.88,39.41,34.92,-3.70%,16.78%,14.00%,15.01%,19.60%,393.21,-0.88%,"1,311,116"
324,MPWR,17.67B,49.18,30.78,2.00,10.58,12.19,24.01,379.95,44.50%,4.60%,32.10%,24.54%,25.50%,398.46,-0.30%,"208,867"
325,NOW,83.76B,419.50,45.57,16.14,12.11,18.53,21.17,44.11,93.40%,24.15%,19.60%,26.00%,33.50%,414.89,0.39%,"1,117,971"
326,TDY,19.02B,27.44,21.81,3.60,3.51,2.53,39.69,42.06,-5.20%,7.31%,13.30%,7.61%,16.50%,416.13,0.00%,"157,713"
327,KLAC,55.92B,18.97,22.59,4.00,5.68,28.34,18.93,22.60,63.90%,-24.56%,30.10%,4.75%,21.50%,420.04,0.23%,"1,615,030"
328,LRCX,60.51B,13.58,16.93,4.68,3.36,8.75,13.82,24.73,21.80%,-19.23%,28.80%,2.90%,16.50%,473.67,0.77%,"1,202,372"
329,AVGO,228.22B,21.82,13.30,2.60,6.87,10.50,18.38,24.59,76.80%,6.62%,45.80%,8.40%,13.50%,579.00,-0.51%,"1,964,550"
330,FICO,15.31B,43.52,27.15,3.06,11.11,-,114.91,30.40,5.80%,16.32%,28.90%,14.20%,8.10%,617.92,2.04%,"128,997"
331,ASML,255.41B,44.98,33.39,1.51,12.31,31.24,72.20,33.82,69.10%,37.60%,31.50%,29.80%,22.00%,659.69,1.09%,"648,578"
